{"cameraMode":{"drawMode":0,"name":"Shaded","section":"Shading Mode"},"sceneLighting":true,"audioPlay":false,"sceneViewState":{"m_AlwaysRefresh":false,"showFog":true,"showSkybox":true,"showFlares":true,"showImageEffects":true,"showParticleSystems":true,"showVisualEffectGraphs":true,"m_FxEnabled":true},"in2DMode":false,"pivot":{"x":602.1951293945313,"y":216.94142150878907,"z":826.4038696289063},"rotation":{"x":0.004499278496950865,"y":0.017998842522501947,"z":-0.00008081365376710892,"w":0.9998312592506409},"size":449.6228942871094,"orthographic":true}