{"cameraMode":{"drawMode":0,"name":"Shaded","section":"Shading Mode"},"sceneLighting":true,"audioPlay":false,"sceneViewState":{"m_AlwaysRefresh":false,"showFog":true,"showSkybox":true,"showFlares":true,"showImageEffects":true,"showParticleSystems":true,"showVisualEffectGraphs":true,"m_FxEnabled":true},"in2DMode":false,"pivot":{"x":223.19427490234376,"y":4.620652198791504,"z":224.06874084472657},"rotation":{"x":0.12721727788448335,"y":0.3997265696525574,"z":-0.05612649768590927,"w":0.9060273170471191},"size":28.498395919799806,"orthographic":false}