{"cameraMode":{"drawMode":0,"name":"Shaded","section":"Shading Mode"},"sceneLighting":true,"audioPlay":false,"sceneViewState":{"m_AlwaysRefresh":false,"showFog":true,"showSkybox":true,"showFlares":true,"showImageEffects":true,"showParticleSystems":true,"showVisualEffectGraphs":true,"m_FxEnabled":true},"in2DMode":false,"pivot":{"x":241.76710510253907,"y":11.843057632446289,"z":171.67457580566407},"rotation":{"x":-0.02538304030895233,"y":0.45440393686294558,"z":-0.012951741926372052,"w":-0.8903462290763855},"size":3.7236087322235109,"orthographic":false}