{"cameraMode":{"drawMode":0,"name":"Shaded","section":"Shading Mode"},"sceneLighting":true,"audioPlay":false,"sceneViewState":{"m_AlwaysRefresh":false,"showFog":true,"showSkybox":true,"showFlares":true,"showImageEffects":true,"showParticleSystems":true,"showVisualEffectGraphs":true,"m_FxEnabled":true},"in2DMode":false,"pivot":{"x":147.42352294921876,"y":1.9806671142578126,"z":125.22129821777344},"rotation":{"x":-0.37147897481918337,"y":0.12532180547714234,"z":-0.05068222060799599,"w":-0.9185509085655212},"size":24.180496215820314,"orthographic":false}