{"cameraMode":{"drawMode":0,"name":"Shaded","section":"Shading Mode"},"sceneLighting":true,"audioPlay":false,"sceneViewState":{"m_AlwaysRefresh":false,"showFog":true,"showSkybox":true,"showFlares":true,"showImageEffects":true,"showParticleSystems":true,"showVisualEffectGraphs":true,"m_FxEnabled":true},"in2DMode":false,"pivot":{"x":237.0216827392578,"y":9.352264404296875,"z":241.65928649902345},"rotation":{"x":0.18690602481365205,"y":-0.6197126507759094,"z":0.15520210564136506,"w":0.7462878227233887},"size":60.422142028808597,"orthographic":false}